id,title,subtitle,author,date,heroImage,content
try,"Where to get art online","James art selection",James Bond,2025-12-28,https://static.wixstatic.com/media/1799ca_48a5345b2daf4686b6123cf58cc3ff7b~mv2.jpg,""
gift-guide-2026,"The Ultimate Gift Guide 2026: Why Digital Art Prints Are the Most Thoughtful and Unique Gift","A modern, meaningful way to give something personal without overspending","ArteBarte","2026-12-09","https://static.wixstatic.com/media/1799ca_f2f1b3421d7a495d806e596735dae5cb~mv2.jpg","<p>Let’s be honest — finding a gift that feels truly special isn’t easy. Most people fall back on safe, predictable choices like candles, mugs, or gift cards. While practical, these gifts are often forgotten quickly. Digital wall art offers a refreshing alternative: something personal, stylish, and genuinely meaningful.</p>

<p>In 2026, digital art prints have become one of the smartest gifting options available. They combine flexibility, affordability, and premium design without the downsides of traditional framed artwork. With instant downloads, there’s no waiting, no shipping fees, and no risk of damage in transit.</p>

<h3>Why Art Is a Meaningful Gift</h3>

<p>Art isn’t just decoration — it shapes how a space feels. When you gift wall art, you’re giving atmosphere, emotion, and personality. Whether it’s abstract artwork, minimalist typography, or an inspirational quote, art becomes part of someone’s everyday life.</p>

<p>Unlike disposable gifts, wall art is displayed, admired, and lived with. Every time the recipient walks into the room, they’re reminded of the thought behind the gift.</p>

<h3>The Advantage of Digital Wall Art</h3>

<p>Traditional art can be expensive and limiting. Frames, shipping, and fixed sizes add cost and complexity. Digital art removes these barriers entirely. You can print in any size, choose any frame, and even reprint later if needed.</p>

<p>Digital wall art trends in 2026 focus on sustainability, customization, and value — making it the perfect modern gift.</p>

<h3>Why ArteBarte</h3>

<p>ArteBarte offers carefully curated digital art designed to look premium in real homes. Each piece is created with print quality in mind, ensuring beautiful results whether displayed on a wall or styled on a shelf.</p>

<p>Thoughtful, flexible, and timeless — digital art prints are gifts that truly last.</p>"
